[
  {
    "messageID": "0098171204",
    "recipient": "+27720470117",
    "messageText": "Hi, How are you holding up? Are you recovering?",
    "messageHash": "2f432aa5fc60",
    "date": "2025-06-17",
    "time": "00:48:12",
    "flag": "Sent"
  },
  {
    "messageID": "0835653544",
    "recipient": "+27720470119",
    "messageText": "Hey, How\u0027s the whole family recovering from the passing of your brother? Are you\u0027ll managing?",
    "messageHash": "9700a7f7acb2",
    "date": "2025-06-17",
    "time": "00:50:52",
    "flag": "Sent"
  }
]